0,bush
1,fence
2,dolphin
3,pear
4,baseball bat
5,remote control
6,chair
7,soccer ball
8,mailbox
9,microwave
10,leaf
11,cake
12,bulldozer
13,peas
14,compass
15,steak
16,stereo
17,t-shirt
18,toilet
19,keyboard
20,sock
21,power outlet
22,bear
23,wristwatch
24,tractor
25,police car
26,butterfly
27,zebra
28,key
29,sink
30,asparagus
31,shorts
32,saw
33,pig
34,fan
35,wine bottle
36,palm tree
37,elbow
38,hockey stick
39,octopus
40,couch
41,knee
42,swing set
43,rainbow
44,map
45,ear
46,sailboat
47,rifle
48,squirrel
49,angel
50,shark
51,church
52,hockey puck
53,stop sign
54,diamond
55,radio
56,swan
57,pizza
58,barn
59,piano
60,sleeping bag
61,teapot
62,see saw
63,grass
64,microphone
65,paintbrush
66,bowtie
67,scorpion
68,sword
69,backpack
70,horse
71,river
72,rhinoceros
73,hurricane
74,wine glass
75,nail
76,blueberry
77,leg
78,hot air balloon
79,feather
80,windmill
81,triangle
82,bus
83,pencil
84,apple
85,bracelet
86,giraffe
87,rain
88,violin
89,matches
90,drill
91,hot tub
92,toaster
93,ladder
94,cloud
95,calculator
96,pillow
97,The Mona Lisa
98,clarinet
99,crocodile
100,skateboard
101,skyscraper
102,lobster
103,owl
104,ceiling fan
105,pliers
106,arm
107,paper clip
108,dog
109,snail
110,purse
111,stethoscope
112,dragon
113,dishwasher
114,anvil
115,grapes
116,moon
117,bucket
118,castle
119,crayon
120,sweater
121,axe
122,crab
123,jacket
124,garden
125,passport
126,firetruck
127,pickup truck
128,broom
129,banana
130,snowflake
131,motorbike
132,basketball
133,hedgehog
134,yoga
135,flashlight
136,bee
137,rollerskates
138,wheel
139,campfire
140,smiley face
141,bandage
142,light bulb
143,potato
144,square
145,cell phone
146,brain
147,flamingo
148,bench
149,hospital
150,toothpaste
151,baseball
152,computer
153,toe
154,megaphone
155,fireplace
156,paint can
157,cookie
158,watermelon
159,cruise ship
160,hourglass
161,flying saucer
162,octagon
163,guitar
164,postcard
165,tornado
166,mouse
167,table
168,bicycle
169,pineapple
170,The Eiffel Tower
171,rake
172,stairs
173,spider
174,hot dog
175,pants
176,vase
177,sun
178,floor lamp
179,shovel
180,nose
181,jail
182,animal migration
183,toothbrush
184,ambulance
185,mosquito
186,helicopter
187,spoon
188,picture frame
189,coffee cup
190,cat
191,school bus
192,blackberry
193,eye
194,face
195,spreadsheet
196,birthday cake
197,parrot
198,scissors
199,roller coaster
200,aircraft carrier
201,cooler
202,canoe
203,pond
204,mug
205,flower
206,zigzag
207,saxophone
208,elephant
209,candle
210,fish
211,beach
212,goatee
213,television
214,snorkel
215,cup
216,marker
217,shoe
218,parachute
219,duck
220,lightning
221,snake
222,lighter
223,peanut
224,rabbit
225,hexagon
226,tennis racquet
227,finger
228,ant
229,suitcase
230,book
231,crown
232,tiger
233,mountain
234,stitches
235,bridge
236,star
237,speedboat
238,belt
239,hand
240,airplane
241,alarm clock
242,line
243,carrot
244,trumpet
245,strawberry
246,monkey
247,sandwich
248,chandelier
249,traffic light
250,sheep
251,helmet
252,bat
253,binoculars
254,whale
255,beard
256,telephone
257,golf club
258,The Great Wall of China
259,sea turtle
260,garden hose
261,lollipop
262,eraser
263,house
264,flip flops
265,underwear
266,basket
267,calendar
268,squiggle
269,knife
270,kangaroo
271,door
272,bed
273,lantern
274,car
275,clock
276,van
277,dresser
278,donut
279,broccoli
280,foot
281,tent
282,onion
283,headphones
284,house plant
285,ocean
286,lipstick
287,cello
288,necklace
289,screwdriver
290,dumbbell
291,panda
292,washing machine
293,harp
294,tree
295,waterslide
296,bathtub
297,umbrella
298,popsicle
299,tooth
300,stove
301,diving board
302,fire hydrant
303,drums
304,fork
305,submarine
306,lion
307,cactus
308,oven
309,camel
310,eyeglasses
311,pool
312,envelope
313,hammer
314,camera
315,bottlecap
316,ice cream
317,mermaid
318,bird
319,train
320,teddy-bear
321,trombone
322,camouflage
323,moustache
324,mouth
325,streetlight
326,mushroom
327,lighthouse
328,snowman
329,cannon
330,frog
331,cow
332,string bean
333,boomerang
334,bread
335,frying pan
336,truck
337,hat
338,skull
339,raccoon
340,circle
341,laptop
342,syringe
343,penguin
344,hamburger
